Question,CoT,Response
How can CrossFit help improve energy levels for a sedentary software developer?,"Software developers often sit for long hours, leading to decreased metabolic activity and energy dips. CrossFit's high-intensity interval training (HIIT) improves cardiovascular health and metabolic conditioning, which in turn increases daily energy levels.","CrossFit boosts cardiovascular fitness and metabolic function, helping sedentary software developers feel more energized throughout the day."
What are the risks of overtraining in CrossFit for someone in their 40s?,"As you age, recovery slows, and ignoring rest can lead to fatigue, injury, or hormone imbalances. Without proper sleep, nutrition, and periodization, intense daily workouts can backfire. Middle-aged athletes need smarter—not just harder—training.","Overtraining can cause fatigue, injury, and poor recovery, especially for those in their 40s who need more intentional recovery strategies."
How can a busy father fit CrossFit into a tight daily schedule?,"Time constraints mean workouts must be efficient. CrossFit’s short, high-intensity WODs can be completed in under an hour. Early morning classes, home setups, or lunch breaks can make this sustainable alongside parenting and work.","By leveraging short, high-intensity workouts and planning around early mornings or breaks, busy dads can consistently fit CrossFit into daily life."
"Why is mobility work critical in CrossFit, especially for desk-bound individuals?","Prolonged sitting causes tight hips, hamstrings, and shoulders—limiting movement quality. CrossFit's Olympic lifts and gymnastics demand full mobility. Without it, form suffers and injury risk rises. Daily mobility work offsets these deficits.","Because sitting tightens key muscle groups, mobility work is essential to perform CrossFit movements safely and efficiently."
What’s the role of nutrition in recovery for CrossFit athletes?,"CrossFit causes significant muscular and CNS stress. Without adequate protein, carbs, and micronutrients, recovery is delayed. Strategic post-workout meals help rebuild muscle, restore glycogen, and reduce inflammation.","Nutrition replenishes fuel, supports muscle repair, and reduces inflammation—making it a cornerstone of CrossFit recovery."
How can CrossFit contribute to mental resilience?,"The mental grind of intense WODs teaches persistence, stress management, and focus under pressure. Repeated exposure to discomfort in training builds psychological strength, which transfers to life and work challenges.","CrossFit fosters mental toughness by training you to push through discomfort, which enhances resilience in other areas of life."
How should CrossFit be adapted during pregnancy?,"Training during pregnancy is beneficial, but intensity, load, and movement types must be adjusted. Avoiding high-impact and supine movements while emphasizing breath control, core stability, and listening to the body ensures safety.","It should focus on maintaining movement safely, reducing intensity, and avoiding risky positions—while prioritizing core and pelvic health."
What makes CrossFit more sustainable than traditional gym routines for some people?,"The varied, measurable, and community-based nature of CrossFit keeps people engaged. Unlike static routines, WODs offer novelty and goals. The group setting builds accountability and fun—making it more sustainable long-term.","Its variety, measurable progress, and supportive community make CrossFit more engaging and sustainable than repetitive gym routines."
How can a CrossFit athlete measure progress beyond just lifting heavier?,"Progress can be seen in improved benchmarks (Fran time, Murph splits), better recovery, increased mobility, consistent attendance, and energy levels. Focusing solely on weight ignores broader indicators of fitness.","By tracking workout benchmarks, mobility, consistency, and recovery—progress can be measured holistically, not just by lifting heavier."
What are the benefits of incorporating CrossFit principles into family life?,"CrossFit promotes discipline, community, and a growth mindset. Involving family in simple WODs or goal-setting fosters bonding, shared habits, and active lifestyle modeling—especially powerful for children observing parent routines.","It promotes family bonding, shared routines, and instills fitness values by modeling discipline and growth through physical activity."
What does it mean to be an intentional father in the digital age?,"Being intentional involves prioritizing presence, guiding children with purpose, and modeling values amidst digital distractions. For a tech-savvy, faith-driven dad, this means using tools and conversations to build connection, character, and resilience.","It means prioritizing presence, modeling values, and fostering connection amid digital distractions to raise grounded, resilient children."
How can CrossFit help reduce the risk of lifestyle diseases for software developers?,"Sedentary work increases risks of obesity, diabetes, and heart disease. CrossFit improves insulin sensitivity, cardiovascular endurance, and body composition—key protective factors against these conditions.","CrossFit reduces lifestyle disease risks by improving fitness, metabolism, and cardiovascular health, countering sedentary effects."
Why is sleep important for CrossFit performance and recovery?,"Sleep drives muscle repair, hormonal balance, and nervous system recovery. Poor sleep leads to fatigue, impaired coordination, and decreased output—impacting both performance and safety in WODs.","Sleep supports recovery, hormone regulation, and mental focus—making it essential for performance and injury prevention."
What are the long-term benefits of consistent CrossFit training?,"Over years, consistent CrossFit builds muscular strength, bone density, metabolic efficiency, and mental resilience. It also reduces injury risk and improves quality of life into older age.","It builds lifelong strength, endurance, and mental toughness while preventing age-related decline."
How can CrossFit be scaled for someone returning from injury?,"CrossFit’s functional movements can be scaled in intensity, volume, and range. An injured athlete can replace high-impact exercises with low-impact ones and reduce load to promote healing while staying active.","By scaling movements and intensity, injured individuals can stay active and recover without risking re-injury."
How can a CrossFit athlete balance strength and endurance?,"Strength and endurance compete for recovery resources. Alternating training focuses across weeks or integrating mixed-modal workouts (e.g., EMOMs, chippers) allows both systems to develop without burnout.",Through smart programming that alternates focus or blends both elements in metcons.
What role does community play in CrossFit motivation?,"The group environment adds accountability and emotional support. Seeing peers push through tough workouts inspires effort, while shared challenges create a strong social bond that keeps people coming back.","It creates accountability, camaraderie, and emotional support that enhance consistency and motivation."
How can CrossFit support a dad's goal to be active with young children?,"CrossFit improves strength, agility, and stamina—physical traits essential for keeping up with kids. It also models a healthy lifestyle, encouraging children to be active through example.",It builds the strength and stamina needed to keep up with kids while modeling a fit and healthy lifestyle.
Why are Olympic lifts emphasized in CrossFit?,"Olympic lifts like the clean and jerk and snatch train power, coordination, and explosiveness—traits transferable to many sports and daily movements. They also build core strength and mobility.","Because they develop full-body strength, speed, and coordination, essential for functional athleticism."
How should CrossFit programming change with age?,"As athletes age, they need more recovery, lower impact movements, and mobility work. Volume and intensity may decrease while emphasis on movement quality and longevity increases.","It should focus on longevity by reducing volume, increasing recovery, and prioritizing mobility and movement quality."
How does CrossFit training affect mental health?,"Intense workouts release endorphins, reduce stress, and improve self-esteem. The goal-setting and social aspects of CrossFit also support mental well-being.","It reduces stress, boosts mood through endorphins, and fosters a positive self-image through progress and community."
Why is tracking WOD performance important?,"Tracking allows you to measure progress, identify weaknesses, and adjust programming. It also adds motivation by showing how far you've come.","Because it helps measure improvement, identify gaps, and maintain motivation over time."
What’s the value of mastering bodyweight movements in CrossFit?,"Movements like push-ups, pull-ups, and air squats build foundational strength and control. They improve coordination and reduce injury risk when scaling or progressing to loaded variations.",Mastering bodyweight movements develops foundational strength and prepares you for more advanced skills safely.
How does CrossFit differ from traditional strength training?,"Traditional strength focuses on isolated lifts and long rest. CrossFit combines strength with metabolic conditioning, gymnastics, and high-intensity functional movements, offering a more holistic approach.","CrossFit blends strength, conditioning, and skill work for total fitness, while traditional strength often isolates one area."
Why is warming up essential before a WOD?,"Warmups increase blood flow, activate key muscles, and prepare joints for dynamic movement. This reduces injury risk and enhances workout performance.",To prevent injury and improve performance by priming muscles and joints for the workout.
What’s the benefit of CrossFit's “constantly varied” programming?,"Constant variation prevents plateaus, trains adaptability, and keeps workouts engaging. It conditions the body for unexpected physical demands.",It prevents plateaus and improves real-world readiness by keeping training fresh and adaptable.
How should a CrossFit athlete manage soreness and recovery?,"Active recovery, hydration, proper nutrition, and sleep help mitigate soreness. Foam rolling and mobility work also reduce muscle tightness and improve circulation.","Through active recovery, good sleep, nutrition, and mobility work to speed up muscle healing."
Why is form more important than weight in CrossFit?,"Poor form under load leads to injury. Proper mechanics build safety and efficiency, laying the foundation for strength and longevity in training.",Because correct form prevents injury and ensures long-term strength gains.
What are signs of CrossFit burnout?,"Symptoms include persistent fatigue, irritability, declining performance, and lack of motivation. Ignoring these signs can lead to injury or mental fatigue.","Burnout shows up as fatigue, low motivation, and stalled progress, signaling a need for rest or change."
How can someone on a tight budget do CrossFit-style workouts at home?,"Bodyweight WODs, minimal equipment (jump rope, dumbbells), and online programming allow people to follow CrossFit principles without a gym. EMOMs, AMRAPs, and time-based intervals replicate the stimulus.","By using bodyweight movements and time-based workouts, anyone can do CrossFit at home affordably."
What mindset helps someone stick with CrossFit long-term?,"A growth mindset fosters consistency despite setbacks. Viewing progress over months, not days, helps people avoid burnout and enjoy the journey.",A growth mindset that values progress over perfection helps build long-term consistency.